Voltage(mV), Current In(mA), Current Out(mA), Total Charge(mA), Time Delta(seconds)
2.560000,0.000000,-0.100000,2546710055858512867606876739600384.000000,5.003504