Voltage(mV), Current In(mA), Current Out(mA), Total Charge(mA), Time Delta(seconds)
2.560000,0.000000,-0.100000,2583471923265131520250281132556288.000000,5.002707